{
  "controller/App.controller.js": 1660137497531,
  "controller/ErrorHandler.js": 1660137964651,
  "utils/locate-reuse-libs.js": 1658812240430,
  "model/models.js": 1658812240434,
  "controller/Master.controller.js": 1661359590343,
  "manifest.json": 1661400143684,
  "controller/Detail.controller.js": 1660069469571,
  "controller/BaseController.js": 1660137391885,
  "i18n/i18n.properties": 1660138074557,
  "Component.js": 1660137812552,
  "manifest-bundle.zip": 1661400143728,
  "Component-preload.js": 1661400151462,
  "utils/locate-reuse-libs-dbg.js": 1658812240430,
  "model/models-dbg.js": 1658812240434,
  "controller/Master-dbg.controller.js": 1661359590343,
  "controller/ErrorHandler-dbg.js": 1660137964651,
  "controller/Detail-dbg.controller.js": 1660069469571,
  "controller/BaseController-dbg.js": 1660137391885,
  "controller/App-dbg.controller.js": 1660137497531,
  "Component-dbg.js": 1660137812552,
  "view/Master.view.xml": 1661360602468,
  "view/Detail.view.xml": 1660069324518,
  "view/App.view.xml": 1660138184679,
  "css/style.css": 1658812240434,
  "annotations/annotation.xml": 1661359413157,
  "index.html": 1659979935005
}